"Mon Feb 14 01:39:20 -0500 2011",-9.66625,-35.7351
"Mon Feb 14 01:42:08 -0500 2011",-22.883,-43.0576
"Mon Feb 14 01:42:27 -0500 2011",31.4137,-100.466
"Mon Feb 14 01:45:49 -0500 2011",10.456,-66.6105
"Mon Feb 14 01:46:00 -0500 2011",37.3508,-122.051
"Mon Feb 14 01:49:35 -0500 2011",43.2347,-83.7734
"Mon Feb 14 01:49:58 -0500 2011",35.2138,-80.8539
"Mon Feb 14 01:50:02 -0500 2011",43.0748,-89.3937
"Mon Feb 14 02:00:46 -0500 2011",-3.74269,-38.516
"Mon Feb 14 02:02:28 -0500 2011",36.1121,-94.133
"Mon Feb 14 02:11:35 -0500 2011",43.5586,-96.9248
"Mon Feb 14 02:14:35 -0500 2011",38.4552,-122.707
"Mon Feb 14 02:15:27 -0500 2011",35.2754,136.933
"Mon Feb 14 02:20:19 -0500 2011",38.5874,-90.0365
"Mon Feb 14 02:25:27 -0500 2011",36.1764,-86.6411
"Mon Feb 14 02:26:33 -0500 2011",39.6972,-104.89
"Mon Feb 14 02:28:37 -0500 2011",-7.8,110.37
"Mon Feb 14 02:29:02 -0500 2011",46.9064,-97.2831
"Mon Feb 14 02:29:51 -0500 2011",38.7329,-9.14059
"Mon Feb 14 02:29:56 -0500 2011",41.9781,-87.6713
"Mon Feb 14 02:30:39 -0500 2011",42.3742,-71.197
"Mon Feb 14 02:30:57 -0500 2011",0,0
"Mon Feb 14 02:32:33 -0500 2011",39.6522,-79.9565
"Mon Feb 14 02:35:47 -0500 2011",-8.28139,-35.9735
"Mon Feb 14 02:36:46 -0500 2011",28.5406,-81.3608
"Mon Feb 14 02:37:37 -0500 2011",19.0261,-98.2481
"Mon Feb 14 02:38:27 -0500 2011",34.0325,-118.302
"Mon Feb 14 02:41:54 -0500 2011",45.1083,-72.9732
"Mon Feb 14 02:42:26 -0500 2011",-5.05866,119.539
"Mon Feb 14 02:42:29 -0500 2011",10.7157,-71.6307
"Mon Feb 14 02:43:20 -0500 2011",-3.7576,-38.4876
"Mon Feb 14 02:43:21 -0500 2011",40.5801,-74.0014
"Mon Feb 14 02:45:22 -0500 2011",40.6504,-73.6163
"Mon Feb 14 02:46:21 -0500 2011",39.9789,-104.761
"Mon Feb 14 02:56:03 -0500 2011",21.0072,105.822
"Mon Feb 14 02:58:57 -0500 2011",41.7453,-86.094
"Mon Feb 14 03:00:41 -0500 2011",37.7749,-122.419
"Mon Feb 14 03:01:57 -0500 2011",-23.6222,-70.3753
"Mon Feb 14 03:12:55 -0500 2011",36.7811,-90.4104
"Mon Feb 14 04:00:15 -0500 2011",-33.8107,151.198
"Mon Feb 14 01:39:27 -0500 2011",56.3194,-3.01181
"Mon Feb 14 01:40:02 -0500 2011",10.6307,-61.3437
"Mon Feb 14 01:40:14 -0500 2011",39.2841,-84.273
"Mon Feb 14 01:40:30 -0500 2011",38.7865,-90.0146
"Mon Feb 14 01:40:31 -0500 2011",-9.66625,-35.7351
"Mon Feb 14 01:40:42 -0500 2011",33.8117,-84.287
"Mon Feb 14 01:40:45 -0500 2011",19.389,-99.1591
"Mon Feb 14 01:40:56 -0500 2011",27.5116,-99.5114
"Mon Feb 14 01:41:01 -0500 2011",2.06111,102.582
"Mon Feb 14 01:41:28 -0500 2011",37.9565,-76.7715
"Mon Feb 14 01:41:59 -0500 2011",45.4353,-75.6942
"Mon Feb 14 01:42:11 -0500 2011",-1.25298,116.838
"Mon Feb 14 01:42:19 -0500 2011",32.9287,-96.9493
"Mon Feb 14 01:42:27 -0500 2011",34.1236,-77.9042
"Mon Feb 14 01:44:01 -0500 2011",38.7695,-77.5418
"Mon Feb 14 01:44:04 -0500 2011",-9.66625,-35.7351
"Mon Feb 14 01:44:16 -0500 2011",-15.8369,-47.9841
"Mon Feb 14 01:44:30 -0500 2011",35.7897,-78.6454
"Mon Feb 14 01:44:31 -0500 2011",-23.4339,-45.0857
"Mon Feb 14 01:44:39 -0500 2011",-6.18136,107.022
"Mon Feb 14 01:44:45 -0500 2011",40.4372,-79.9577
"Mon Feb 14 01:44:50 -0500 2011",8.58283,-71.1733
"Mon Feb 14 01:45:39 -0500 2011",40.8657,-73.9281
"Mon Feb 14 01:45:49 -0500 2011",40.6672,-73.7981
"Mon Feb 14 01:46:04 -0500 2011",-7.8269,113.063
"Mon Feb 14 01:46:12 -0500 2011",29.3512,-98.5219
"Mon Feb 14 01:46:25 -0500 2011",32.9903,-96.7513
"Mon Feb 14 01:46:41 -0500 2011",19.3019,-99.1153
"Mon Feb 14 01:47:09 -0500 2011",-22.883,-43.0578
"Mon Feb 14 01:47:28 -0500 2011",26.2411,-98.1677
"Mon Feb 14 01:47:31 -0500 2011",56.4721,-2.84466
"Mon Feb 14 01:47:54 -0500 2011",1.3693,103.875
"Mon Feb 14 01:48:02 -0500 2011",36.0953,-95.9845
"Mon Feb 14 01:48:34 -0500 2011",40.7103,-74.016
"Mon Feb 14 01:49:13 -0500 2011",40.3247,-76.4423
"Mon Feb 14 01:49:21 -0500 2011",44.9893,-93.2243
"Mon Feb 14 01:49:30 -0500 2011",52.4666,-1.93028
"Mon Feb 14 01:55:36 -0500 2011",37.9637,-87.4655
"Mon Feb 14 01:56:06 -0500 2011",-31.7179,-52.3061
"Mon Feb 14 01:56:42 -0500 2011",-33.0345,-71.6388
"Mon Feb 14 01:56:51 -0500 2011",-19.9746,-43.9643
"Mon Feb 14 01:57:38 -0500 2011",41.6669,-87.6528
"Mon Feb 14 01:58:15 -0500 2011",18.1378,-94.4353
"Mon Feb 14 01:58:27 -0500 2011",34.8332,-89.1764
"Mon Feb 14 01:58:48 -0500 2011",-0.812987,103.464
"Mon Feb 14 01:59:49 -0500 2011",36.6297,-6.36605
"Mon Feb 14 02:01:18 -0500 2011",49.2779,-123.092
"Mon Feb 14 02:02:16 -0500 2011",41.6212,-72.6624
"Mon Feb 14 02:02:20 -0500 2011",41.2586,-95.8909
"Mon Feb 14 02:02:51 -0500 2011",-6.60223,106.779
"Mon Feb 14 02:03:18 -0500 2011",18.4162,-66.4876
"Mon Feb 14 02:03:32 -0500 2011",32.5693,-97.33
"Mon Feb 14 02:03:41 -0500 2011",28.6755,-81.4595
"Mon Feb 14 02:03:51 -0500 2011",47.3185,-122.211
"Mon Feb 14 02:03:59 -0500 2011",13.7042,-89.1684
"Mon Feb 14 02:04:09 -0500 2011",42.8847,-85.5539
"Mon Feb 14 02:04:31 -0500 2011",43.648,-79.3951
"Mon Feb 14 02:05:24 -0500 2011",38.6453,-121.515
"Mon Feb 14 02:05:45 -0500 2011",40.821,-74.2568
"Mon Feb 14 02:07:56 -0500 2011",35.9687,-95.3723
"Mon Feb 14 02:10:56 -0500 2011",-22.8949,-43.4207
"Mon Feb 14 02:11:28 -0500 2011",41.1,-75.0435
"Mon Feb 14 02:12:09 -0500 2011",38.5459,-121.766
"Mon Feb 14 02:14:02 -0500 2011",-22.8949,-43.4207
"Mon Feb 14 02:18:01 -0500 2011",-9.656,-35.7012
"Mon Feb 14 02:19:12 -0500 2011",42.4285,-88.1961
"Mon Feb 14 02:19:33 -0500 2011",41.831,-88.0835
"Mon Feb 14 02:19:43 -0500 2011",41.6669,-73.904
"Mon Feb 14 02:20:57 -0500 2011",-9.66625,-35.7351
"Mon Feb 14 02:21:27 -0500 2011",-8.78462,115.17
"Mon Feb 14 02:22:07 -0500 2011",-3.71839,-38.5434
"Mon Feb 14 02:22:10 -0500 2011",-26.9448,-48.7112
"Mon Feb 14 02:22:11 -0500 2011",33.5787,-117.729
"Mon Feb 14 02:22:13 -0500 2011",34.0073,-96.3768
"Mon Feb 14 02:22:18 -0500 2011",38.5874,-90.0365
"Mon Feb 14 02:22:22 -0500 2011",31.7682,-106.265
"Mon Feb 14 02:22:41 -0500 2011",17.7449,-64.7053
"Mon Feb 14 02:22:45 -0500 2011",45.5128,-73.8971
"Mon Feb 14 02:22:46 -0500 2011",-23.1791,-45.8872
"Mon Feb 14 02:22:47 -0500 2011",28.2071,-82.4052
"Mon Feb 14 02:22:51 -0500 2011",38.8667,-76.8753
"Mon Feb 14 02:22:51 -0500 2011",-6.34176,106.637
"Mon Feb 14 02:22:51 -0500 2011",-6.34176,106.637
"Mon Feb 14 02:22:50 -0500 2011",39.9387,-82.8333
"Mon Feb 14 02:23:01 -0500 2011",39.1397,-84.6573
"Mon Feb 14 02:22:53 -0500 2011",10.4741,-66.6078
"Mon Feb 14 02:23:03 -0500 2011",43.0423,-87.9397
"Mon Feb 14 02:23:09 -0500 2011",37.3393,-77.409
"Mon Feb 14 02:23:12 -0500 2011",-25.4021,-49.2596
"Mon Feb 14 02:23:23 -0500 2011",-23.5343,-46.68
"Mon Feb 14 02:23:26 -0500 2011",38.807,-76.9773
"Mon Feb 14 02:23:28 -0500 2011",38.9282,-77.0306
"Mon Feb 14 02:23:36 -0500 2011",26.7328,-80.0869
"Mon Feb 14 02:23:39 -0500 2011",41.4155,-72.8993
"Mon Feb 14 02:23:42 -0500 2011",41.0747,-80.5937
"Mon Feb 14 02:23:44 -0500 2011",43.5186,-80.2455
"Mon Feb 14 02:23:47 -0500 2011",40.7853,-73.9796
"Mon Feb 14 02:23:59 -0500 2011",41.7719,-71.4488
"Mon Feb 14 02:23:59 -0500 2011",42.4781,-92.3246
"Mon Feb 14 02:24:00 -0500 2011",18.0483,-76.7616
"Mon Feb 14 02:24:00 -0500 2011",-15.8147,-48.0694
"Mon Feb 14 02:24:03 -0500 2011",29.9721,-90.067
"Mon Feb 14 02:24:07 -0500 2011",42.5684,-70.9429
"Mon Feb 14 02:24:08 -0500 2011",-23.2839,-46.7415
"Mon Feb 14 02:24:10 -0500 2011",39.9109,-75.3843
"Mon Feb 14 02:24:18 -0500 2011",39.2383,-95.4667
"Mon Feb 14 02:24:28 -0500 2011",35.9619,-86.5364
"Mon Feb 14 02:24:40 -0500 2011",9.71954,-63.2046
"Mon Feb 14 02:24:41 -0500 2011",19.3412,-99.1983
"Mon Feb 14 02:24:47 -0500 2011",39.6265,-104.774
"Mon Feb 14 02:24:49 -0500 2011",42.7162,-71.1594
"Mon Feb 14 02:24:58 -0500 2011",40.7562,-73.9048
"Mon Feb 14 02:25:06 -0500 2011",38.8686,-76.8227
"Mon Feb 14 02:25:11 -0500 2011",40.7149,-73.9504
"Mon Feb 14 02:25:12 -0500 2011",39.93,-75.1815
"Mon Feb 14 02:25:18 -0500 2011",41.6669,-73.904
"Mon Feb 14 02:25:22 -0500 2011",42.285,-85.6661
"Mon Feb 14 02:25:28 -0500 2011",40.7436,-73.9999
"Mon Feb 14 02:25:30 -0500 2011",40.0535,-75.366
"Mon Feb 14 02:25:46 -0500 2011",36.6297,-6.36605
"Mon Feb 14 02:25:47 -0500 2011",39.9498,-75.1938
"Mon Feb 14 02:25:54 -0500 2011",59.2932,17.7922
"Mon Feb 14 02:26:03 -0500 2011",-9.656,-35.7012
"Mon Feb 14 02:26:04 -0500 2011",38.8866,-76.8109
"Mon Feb 14 02:26:16 -0500 2011",43.3706,-80.7043
"Mon Feb 14 02:26:16 -0500 2011",8.58272,-71.1743
"Mon Feb 14 02:26:19 -0500 2011",33.707,-84.4986
"Mon Feb 14 02:26:24 -0500 2011",38.9462,-92.3301
"Mon Feb 14 02:26:25 -0500 2011",40.8322,-73.9997
"Mon Feb 14 02:26:27 -0500 2011",40.6561,-73.9501
"Mon Feb 14 02:26:29 -0500 2011",26.7488,-80.0922
"Mon Feb 14 02:26:25 -0500 2011",25.7355,-80.2186
"Mon Feb 14 02:26:46 -0500 2011",36.3905,-94.2089
"Mon Feb 14 02:26:57 -0500 2011",24.8059,-107.358
"Mon Feb 14 02:26:59 -0500 2011",33.5851,-112.017
"Mon Feb 14 02:27:09 -0500 2011",41.9399,-87.6401
"Mon Feb 14 02:27:17 -0500 2011",40.6956,-73.9431
"Mon Feb 14 02:27:16 -0500 2011",37.3094,-77.2935
"Mon Feb 14 02:27:21 -0500 2011",33.8117,-84.287
"Mon Feb 14 02:27:23 -0500 2011",41.5467,-93.5755
"Mon Feb 14 02:27:29 -0500 2011",28.3557,-81.4279
"Mon Feb 14 02:27:38 -0500 2011",41.6343,-87.559
"Mon Feb 14 02:27:39 -0500 2011",40.7562,-73.9048
"Mon Feb 14 02:27:56 -0500 2011",10.5101,-66.8559
"Mon Feb 14 02:27:57 -0500 2011",-15.8269,-47.9161
"Mon Feb 14 02:28:24 -0500 2011",30.6046,-96.331
"Mon Feb 14 02:28:28 -0500 2011",40.7214,-73.9792
"Mon Feb 14 02:28:40 -0500 2011",39.6305,-106.061
"Mon Feb 14 02:28:51 -0500 2011",35.2501,-91.7442
"Mon Feb 14 02:28:53 -0500 2011",32.1823,-110.789
"Mon Feb 14 02:29:05 -0500 2011",35.5635,-97.6255
"Mon Feb 14 02:29:06 -0500 2011",-6.17471,106.705
"Mon Feb 14 02:29:28 -0500 2011",45.478,-73.8291
"Mon Feb 14 02:29:43 -0500 2011",43.4348,-80.5259
"Mon Feb 14 02:30:01 -0500 2011",38.8731,-90.8516
"Mon Feb 14 02:30:02 -0500 2011",36.0636,-79.7897
"Mon Feb 14 02:30:05 -0500 2011",46.9064,-97.2831
"Mon Feb 14 02:30:29 -0500 2011",38.9194,-76.893
"Mon Feb 14 02:30:36 -0500 2011",10.5101,-66.8559
"Mon Feb 14 02:30:38 -0500 2011",40.856,-73.8923
"Mon Feb 14 02:30:48 -0500 2011",41.9968,-71.5633
"Mon Feb 14 02:30:49 -0500 2011",40.1102,-82.9804
"Mon Feb 14 02:30:58 -0500 2011",41.9355,-88.0834
"Mon Feb 14 02:31:09 -0500 2011",33.4906,-112.018
"Mon Feb 14 02:31:13 -0500 2011",-20.3737,-40.3116
"Mon Feb 14 02:31:13 -0500 2011",35.1722,-106.676
"Mon Feb 14 02:31:28 -0500 2011",33.9613,-118.329
"Mon Feb 14 02:31:45 -0500 2011",41.9968,-71.5633
"Mon Feb 14 02:31:58 -0500 2011",-15.8605,-48.0761
"Mon Feb 14 02:32:00 -0500 2011",40.7272,-73.9852
"Mon Feb 14 02:32:09 -0500 2011",-23.2839,-46.7415
"Mon Feb 14 02:32:59 -0500 2011",33.9612,-118.329
"Mon Feb 14 02:33:04 -0500 2011",-6.2926,107.128
"Mon Feb 14 02:33:11 -0500 2011",42.2307,-71.7961
"Mon Feb 14 02:33:21 -0500 2011",-6.99459,110.412
"Mon Feb 14 02:34:45 -0500 2011",33.4855,-84.6515
"Mon Feb 14 02:34:50 -0500 2011",35.4026,-78.0054
"Mon Feb 14 02:34:59 -0500 2011",39.3892,-74.527
"Mon Feb 14 02:35:19 -0500 2011",37.7421,-121.126
"Mon Feb 14 02:35:38 -0500 2011",0,0
"Mon Feb 14 02:36:18 -0500 2011",31.806,-106.423
"Mon Feb 14 02:36:20 -0500 2011",38.9,-77.4
"Mon Feb 14 02:37:06 -0500 2011",8.11501,-63.5322
"Mon Feb 14 02:37:32 -0500 2011",35.3473,-119.057
"Mon Feb 14 02:37:59 -0500 2011",39.1234,-76.4634
"Mon Feb 14 02:38:10 -0500 2011",40.9825,-73.8129
"Mon Feb 14 02:38:25 -0500 2011",-6.20227,106.603
"Mon Feb 14 02:39:31 -0500 2011",10.2163,-67.9655
"Mon Feb 14 02:39:45 -0500 2011",-22.8289,-43.0604
"Mon Feb 14 02:39:46 -0500 2011",-6.23326,106.92
"Mon Feb 14 02:39:46 -0500 2011",42.9284,-74.179
"Mon Feb 14 02:39:50 -0500 2011",36.6297,-6.36605
"Mon Feb 14 02:40:04 -0500 2011",43.108,-77.5682
"Mon Feb 14 02:40:29 -0500 2011",43.108,-77.5682
"Mon Feb 14 02:41:23 -0500 2011",-23.5595,-46.6559
"Mon Feb 14 02:42:43 -0500 2011",37.7469,-122.43
"Mon Feb 14 02:43:33 -0500 2011",39.3052,-84.4001
"Mon Feb 14 02:43:50 -0500 2011",45.8737,-108.351
"Mon Feb 14 02:43:58 -0500 2011",34.044,-117.967
"Mon Feb 14 02:44:16 -0500 2011",57.8198,13.0062
"Mon Feb 14 02:44:22 -0500 2011",38.9119,-94.4268
"Mon Feb 14 02:45:08 -0500 2011",40.6858,-73.9511
"Mon Feb 14 02:47:14 -0500 2011",32.5921,-117.081
"Mon Feb 14 02:47:48 -0500 2011",-30.0378,-51.1932
"Mon Feb 14 02:47:56 -0500 2011",28.3812,-80.6794
"Mon Feb 14 02:48:03 -0500 2011",39.6513,-79.9527
"Mon Feb 14 02:48:04 -0500 2011",43.1513,-76.1503
"Mon Feb 14 02:48:07 -0500 2011",30.6823,-85.0919
"Mon Feb 14 02:48:11 -0500 2011",38.831,-77.0595
"Mon Feb 14 02:48:16 -0500 2011",42.4121,-83.2412
"Mon Feb 14 02:48:19 -0500 2011",42.4147,-83.1493
"Mon Feb 14 02:48:26 -0500 2011",36.1823,-86.7335
"Mon Feb 14 02:48:39 -0500 2011",39.2949,-84.5303
"Mon Feb 14 02:48:38 -0500 2011",34.6324,-79.0148
"Mon Feb 14 02:48:50 -0500 2011",8.11501,-63.5322
"Mon Feb 14 02:48:58 -0500 2011",10.6341,-61.3426
"Mon Feb 14 02:49:23 -0500 2011",35.0538,-90.0555
"Mon Feb 14 02:49:38 -0500 2011",41.4667,-71.3067
"Mon Feb 14 02:49:40 -0500 2011",9.03376,-79.5242
"Mon Feb 14 02:49:56 -0500 2011",39.2016,-76.8089
"Mon Feb 14 02:50:06 -0500 2011",28.0315,-80.6623
"Mon Feb 14 02:51:17 -0500 2011",46.0235,-66.6866
"Mon Feb 14 02:51:29 -0500 2011",30.513,-97.8127
"Mon Feb 14 02:51:44 -0500 2011",42.0797,-70.7777
"Mon Feb 14 02:51:48 -0500 2011",39.9239,-75.0681
"Mon Feb 14 02:52:01 -0500 2011",56.3194,-3.01181
"Mon Feb 14 02:52:28 -0500 2011",34.2325,-111.323
"Mon Feb 14 02:52:31 -0500 2011",40.6904,-74.0972
"Mon Feb 14 02:52:54 -0500 2011",43.1507,-77.6556
"Mon Feb 14 02:53:17 -0500 2011",40.6561,-73.9501
"Mon Feb 14 02:53:45 -0500 2011",42.5609,-83.1639
"Mon Feb 14 02:54:01 -0500 2011",39.671,-104.755
"Mon Feb 14 02:54:06 -0500 2011",41.5898,-93.613
"Mon Feb 14 02:54:17 -0500 2011",40.7546,-74.0481
"Mon Feb 14 02:55:03 -0500 2011",34.2162,-103.433
"Mon Feb 14 02:55:55 -0500 2011",40.7445,-73.9945
"Mon Feb 14 02:56:30 -0500 2011",36.084,-95.9716
"Mon Feb 14 02:56:40 -0500 2011",42.954,-81.1962
"Mon Feb 14 02:56:51 -0500 2011",38.9821,-77.5031
"Mon Feb 14 02:57:48 -0500 2011",41.7429,-88.2388
"Mon Feb 14 02:59:33 -0500 2011",35.1085,-89.8715
"Mon Feb 14 03:00:30 -0500 2011",-8.13611,-34.9017
"Mon Feb 14 03:00:32 -0500 2011",36.0634,-95.6889
"Mon Feb 14 03:00:40 -0500 2011",39.2903,-76.6172
"Mon Feb 14 03:00:45 -0500 2011",38.4851,-90.2736
"Mon Feb 14 03:01:09 -0500 2011",30.2106,-92.0472
"Mon Feb 14 03:02:04 -0500 2011",40.7618,-73.3597
"Mon Feb 14 03:02:43 -0500 2011",-23.4133,-51.4325
"Mon Feb 14 03:02:52 -0500 2011",-23.5566,-46.5462
"Mon Feb 14 03:04:46 -0500 2011",38.6648,-121.122
"Mon Feb 14 03:05:19 -0500 2011",40.4195,-79.97
"Mon Feb 14 03:06:46 -0500 2011",38.8298,-76.9127
"Mon Feb 14 03:08:37 -0500 2011",45.2873,-111.4
"Mon Feb 14 03:08:54 -0500 2011",-23.9904,-46.2841
"Mon Feb 14 03:10:17 -0500 2011",38.8846,-77.1139
"Mon Feb 14 03:10:41 -0500 2011",33.4564,-112.347
"Mon Feb 14 03:11:00 -0500 2011",33.8949,-118.326
"Mon Feb 14 03:11:09 -0500 2011",10.7117,-71.6352
"Mon Feb 14 03:11:27 -0500 2011",44.8968,-93.5244
"Mon Feb 14 03:12:35 -0500 2011",49.6933,-112.842
"Mon Feb 14 03:12:49 -0500 2011",-23.3937,-51.4196
"Mon Feb 14 03:15:16 -0500 2011",28.3714,-81.551
"Mon Feb 14 03:17:40 -0500 2011",-3.13973,-60.0057
"Mon Feb 14 03:22:27 -0500 2011",39.7578,-104.998
"Mon Feb 14 03:22:41 -0500 2011",40.7085,-74.0118
"Mon Feb 14 03:23:40 -0500 2011",19.4583,-99.0472
"Mon Feb 14 03:26:22 -0500 2011",34.0523,-118.466
"Mon Feb 14 03:27:33 -0500 2011",38.7865,-90.0146
"Mon Feb 14 03:28:05 -0500 2011",25.7,-80.4446
"Mon Feb 14 03:28:39 -0500 2011",41.6634,-83.6078
"Mon Feb 14 03:28:49 -0500 2011",38.4751,-121.466
"Mon Feb 14 03:28:55 -0500 2011",19.444,-70.6688
"Mon Feb 14 03:29:38 -0500 2011",37.7493,-122.429
"Mon Feb 14 03:29:56 -0500 2011",37.6637,-121.033
"Mon Feb 14 03:30:04 -0500 2011",38.4073,-121.433
"Mon Feb 14 03:30:41 -0500 2011",1.48265,124.843
"Mon Feb 14 03:31:53 -0500 2011",51.5754,0.12598
"Mon Feb 14 03:33:54 -0500 2011",33.6411,-117.965
"Mon Feb 14 03:34:14 -0500 2011",25.6538,-100.197
"Mon Feb 14 03:38:01 -0500 2011",41.0744,-81.5158
"Mon Feb 14 03:38:48 -0500 2011",21.1236,-101.68
"Mon Feb 14 03:40:50 -0500 2011",42.0158,-71.3006
"Mon Feb 14 03:43:42 -0500 2011",36.1772,-115.243
"Mon Feb 14 03:44:08 -0500 2011",-6.25843,106.859
"Mon Feb 14 03:44:41 -0500 2011",20.7254,-103.528
"Mon Feb 14 03:45:56 -0500 2011",37.3477,-77.3979
"Mon Feb 14 03:46:52 -0500 2011",41.5487,-83.646
"Mon Feb 14 03:47:32 -0500 2011",33.2462,-117.058
"Mon Feb 14 03:48:18 -0500 2011",41.6167,-109.231
"Mon Feb 14 03:49:14 -0500 2011",-8.67748,115.215
"Mon Feb 14 03:49:37 -0500 2011",37.5533,-77.439
"Mon Feb 14 03:49:42 -0500 2011",39.5386,-119.737
"Mon Feb 14 03:49:41 -0500 2011",36.3191,-94.1764
"Mon Feb 14 03:50:58 -0500 2011",33.5556,-112.342
"Mon Feb 14 03:51:00 -0500 2011",-3.71839,-38.5434
"Mon Feb 14 03:51:13 -0500 2011",49.2352,-122.879
"Mon Feb 14 03:51:19 -0500 2011",-20.3737,-40.3116
"Mon Feb 14 03:51:54 -0500 2011",40.7812,-81.3305
"Mon Feb 14 03:51:59 -0500 2011",47.122,-122.317
"Mon Feb 14 03:52:08 -0500 2011",33.9706,-117.742
"Mon Feb 14 03:53:14 -0500 2011",37.8884,-122.309
"Mon Feb 14 03:53:25 -0500 2011",31.7236,-106.302
"Mon Feb 14 03:53:59 -0500 2011",48.4419,-123.335
"Mon Feb 14 03:54:03 -0500 2011",41.8692,-87.6792
"Mon Feb 14 03:54:08 -0500 2011",-6.25347,106.748
"Mon Feb 14 03:55:42 -0500 2011",-6.25125,106.976
"Mon Feb 14 03:56:15 -0500 2011",36.1112,-115.173
"Mon Feb 14 03:56:43 -0500 2011",41.2793,-81.793
"Mon Feb 14 03:56:48 -0500 2011",37.7258,-121.927
"Mon Feb 14 03:57:02 -0500 2011",41.7396,-87.6084
"Mon Feb 14 03:58:09 -0500 2011",26.301,-80.1892
"Mon Feb 14 03:58:41 -0500 2011",25.5668,-80.3605
"Mon Feb 14 03:58:47 -0500 2011",37.7258,-121.927
"Mon Feb 14 03:58:51 -0500 2011",29.7268,-95.3638
"Mon Feb 14 03:59:03 -0500 2011",33.3932,-111.857
"Mon Feb 14 03:59:08 -0500 2011",43.1893,-77.5962
"Mon Feb 14 03:59:58 -0500 2011",34.0961,-118.364
"Mon Feb 14 04:00:15 -0500 2011",-6.12854,106.846
"Mon Feb 14 04:00:36 -0500 2011",33.4625,-112.203
"Mon Feb 14 04:02:16 -0500 2011",40.698,-73.9014
"Mon Feb 14 04:03:03 -0500 2011",-6.18249,106.869
"Mon Feb 14 04:05:22 -0500 2011",10.6679,-71.623
"Mon Feb 14 04:06:09 -0500 2011",26.0073,-80.419
"Mon Feb 14 04:07:48 -0500 2011",40.6117,-111.866
"Mon Feb 14 04:10:19 -0500 2011",38.9821,-77.5031
"Mon Feb 14 04:11:13 -0500 2011",36.8214,-119.66
"Mon Feb 14 04:11:53 -0500 2011",42.6798,-89.028
"Mon Feb 14 04:12:13 -0500 2011",33.4855,-84.6515
"Mon Feb 14 04:12:13 -0500 2011",33.4855,-84.6515
"Mon Feb 14 04:12:42 -0500 2011",19.3412,-99.1984
"Mon Feb 14 04:13:21 -0500 2011",43.0533,-77.6511
"Mon Feb 14 04:14:28 -0500 2011",-6.91718,107.609
"Mon Feb 14 04:14:46 -0500 2011",-30.0219,-51.227
"Mon Feb 14 04:16:03 -0500 2011",38.9929,-94.6235
"Mon Feb 14 04:16:13 -0500 2011",33.8704,-118.155
"Mon Feb 14 04:16:25 -0500 2011",34.692,-86.6258
"Mon Feb 14 04:16:38 -0500 2011",33.5014,-88.3757
"Mon Feb 14 04:17:08 -0500 2011",-15.6427,-55.9745
"Mon Feb 14 04:17:23 -0500 2011",-34.5483,-58.5163
"Mon Feb 14 04:18:16 -0500 2011",-24.0418,-52.3794
"Mon Feb 14 04:18:17 -0500 2011",33.8702,-118.155
"Mon Feb 14 04:18:16 -0500 2011",-24.0418,-52.3794
"Mon Feb 14 04:18:45 -0500 2011",39.7346,-75.0596
"Mon Feb 14 04:18:54 -0500 2011",-8.07168,111.889
"Mon Feb 14 04:18:59 -0500 2011",35.8415,-101.967
"Mon Feb 14 04:19:39 -0500 2011",39.7366,-75.04
"Mon Feb 14 04:19:43 -0500 2011",42.263,-71.1528
"Mon Feb 14 04:21:03 -0500 2011",37.6401,-120.769
"Mon Feb 14 04:21:22 -0500 2011",37.6401,-120.769
"Mon Feb 14 04:22:06 -0500 2011",38.656,-121.496
"Mon Feb 14 04:23:08 -0500 2011",-25.4309,-49.2974
"Mon Feb 14 04:23:14 -0500 2011",35.5487,-77.4061
"Mon Feb 14 04:23:32 -0500 2011",37.7975,-121.922
"Mon Feb 14 04:23:37 -0500 2011",42.646,-71.165
"Mon Feb 14 04:23:37 -0500 2011",42.646,-71.165
"Mon Feb 14 04:23:43 -0500 2011",47.1281,-122.53
"Mon Feb 14 04:23:57 -0500 2011",32.6006,-117.062
"Mon Feb 14 04:24:14 -0500 2011",39.9006,-86.2063
"Mon Feb 14 04:24:18 -0500 2011",19.4857,-99.1067
"Mon Feb 14 04:24:37 -0500 2011",38.6701,-121.34
"Mon Feb 14 04:25:02 -0500 2011",47.2605,-122.328
"Mon Feb 14 04:25:04 -0500 2011",4.69276,-74.0799
"Mon Feb 14 04:25:06 -0500 2011",34.1556,-118.136
"Mon Feb 14 04:25:10 -0500 2011",33.8508,-84.3739
"Mon Feb 14 04:25:10 -0500 2011",38.7613,-76.8662
"Mon Feb 14 04:25:30 -0500 2011",-6.30453,106.969
"Mon Feb 14 04:25:40 -0500 2011",25.6538,-100.197
"Mon Feb 14 04:25:59 -0500 2011",33.87,-118.155
"Mon Feb 14 04:26:20 -0500 2011",45.5235,-122.889
"Mon Feb 14 04:26:39 -0500 2011",34.2501,-118.522
"Mon Feb 14 04:26:46 -0500 2011",34.0261,-118.282
"Mon Feb 14 04:26:50 -0500 2011",28.6152,-81.2935
"Mon Feb 14 04:26:55 -0500 2011",40.2071,-85.4197
"Mon Feb 14 04:27:12 -0500 2011",36.1043,-79.5028
"Mon Feb 14 04:27:22 -0500 2011",47.6947,-122.344
"Mon Feb 14 04:27:28 -0500 2011",-5.15007,119.467
"Mon Feb 14 04:27:38 -0500 2011",41.7861,-88.0232
"Mon Feb 14 04:27:42 -0500 2011",33.9062,-117.494
"Mon Feb 14 04:27:47 -0500 2011",40.6869,-73.8724
"Mon Feb 14 04:28:18 -0500 2011",40.5722,-75.7528
"Mon Feb 14 04:28:20 -0500 2011",37.9411,-122.328
"Mon Feb 14 04:28:24 -0500 2011",42.3562,-122.888
"Mon Feb 14 04:28:35 -0500 2011",47.6091,-122.31
"Mon Feb 14 04:28:35 -0500 2011",33.9013,-118.353
"Mon Feb 14 04:28:52 -0500 2011",36.5014,-87.3036
"Mon Feb 14 04:29:06 -0500 2011",32.7047,-116.995
"Mon Feb 14 04:29:23 -0500 2011",33.9612,-118.329
"Mon Feb 14 04:29:24 -0500 2011",34.0398,-118.462
"Mon Feb 14 04:29:30 -0500 2011",36.1926,-115.326
"Mon Feb 14 04:29:55 -0500 2011",33.6079,-101.908
"Mon Feb 14 04:30:35 -0500 2011",48.4419,-123.335
"Mon Feb 14 04:30:56 -0500 2011",-25.1,-50.1608
"Mon Feb 14 04:31:00 -0500 2011",3.11164,101.587
"Mon Feb 14 04:31:04 -0500 2011",19.3727,-99.1471
"Mon Feb 14 04:31:34 -0500 2011",34.16,-118.446
"Mon Feb 14 04:31:43 -0500 2011",-6.3021,107.106
"Mon Feb 14 04:31:59 -0500 2011",45.5315,-122.696
"Mon Feb 14 04:31:59 -0500 2011",34.526,-117.336
"Mon Feb 14 04:32:11 -0500 2011",37.9123,-122.282
"Mon Feb 14 04:32:23 -0500 2011",39.2383,-95.4667
"Mon Feb 14 04:32:58 -0500 2011",1.29341,103.859
"Mon Feb 14 04:33:01 -0500 2011",18.4658,-69.9928
"Mon Feb 14 04:33:01 -0500 2011",41.4461,-88.1832
"Mon Feb 14 04:33:03 -0500 2011",44.5036,-88.0765
"Mon Feb 14 04:33:08 -0500 2011",36.248,-115.168
"Mon Feb 14 04:33:17 -0500 2011",42.4546,-83.0908
"Mon Feb 14 04:33:43 -0500 2011",47.6694,-117.163
"Mon Feb 14 04:33:58 -0500 2011",-23.5489,-46.6388
"Mon Feb 14 04:34:02 -0500 2011",37.3189,-121.992
"Mon Feb 14 04:34:25 -0500 2011",19.3727,-99.1471
"Mon Feb 14 04:34:34 -0500 2011",34.0843,-118.128
"Mon Feb 14 04:34:42 -0500 2011",36.8698,-119.77
"Mon Feb 14 04:34:52 -0500 2011",-20.51,-43.8592
"Mon Feb 14 04:35:05 -0500 2011",35.5035,-89.71
"Mon Feb 14 04:35:22 -0500 2011",30.465,-87.2201
"Mon Feb 14 04:35:42 -0500 2011",34.0619,-118.283
"Mon Feb 14 04:36:07 -0500 2011",33.9407,-118.348
"Mon Feb 14 04:36:40 -0500 2011",38.5693,-121.465
"Mon Feb 14 04:37:00 -0500 2011",-23.5489,-46.6388
"Mon Feb 14 04:37:03 -0500 2011",32.8539,-116.832
"Mon Feb 14 04:37:48 -0500 2011",47.7611,-122.35
"Mon Feb 14 04:37:58 -0500 2011",-8.53336,115.289
"Mon Feb 14 04:37:59 -0500 2011",37.7606,-122.435
"Mon Feb 14 04:39:12 -0500 2011",41.9364,-87.7981
"Mon Feb 14 04:40:31 -0500 2011",36.8452,-76.0423
"Mon Feb 14 04:42:02 -0500 2011",16.0508,120.342
"Mon Feb 14 04:43:49 -0500 2011",34.0451,-118.252
"Mon Feb 14 04:47:23 -0500 2011",40.0098,-82.9844
"Mon Feb 14 04:47:45 -0500 2011",33.7674,-117.959
"Mon Feb 14 04:47:47 -0500 2011",31.0427,-97.386
"Mon Feb 14 04:49:44 -0500 2011",41.6699,-71.1538
"Mon Feb 14 04:51:28 -0500 2011",38.6249,-121.389
"Mon Feb 14 04:51:28 -0500 2011",40.8712,-73.8826
"Mon Feb 14 04:51:32 -0500 2011",30.4975,-86.159
"Mon Feb 14 04:51:44 -0500 2011",39.9474,-75.3008
"Mon Feb 14 04:52:44 -0500 2011",-8.53336,115.289
"Mon Feb 14 04:53:00 -0500 2011",-6.55932,106.716
"Mon Feb 14 04:53:28 -0500 2011",28.9302,-82.5705
"Mon Feb 14 04:53:52 -0500 2011",-6.15936,106.864
"Mon Feb 14 04:56:19 -0500 2011",40.8034,-96.6501
"Mon Feb 14 04:57:17 -0500 2011",1.39184,103.99
"Mon Feb 14 04:58:18 -0500 2011",37.2342,-119.172
"Mon Feb 14 04:58:41 -0500 2011",34.0756,-118.376
"Mon Feb 14 04:59:56 -0500 2011",40.4604,-90.6996
"Mon Feb 14 05:03:03 -0500 2011",-6.55932,106.716
"Mon Feb 14 05:04:05 -0500 2011",3.13702,101.785
"Mon Feb 14 05:07:50 -0500 2011",32.734,-96.6479
"Mon Feb 14 05:08:06 -0500 2011",-6.21726,106.819
"Mon Feb 14 05:09:07 -0500 2011",40.5364,-74.361
"Mon Feb 14 05:10:27 -0500 2011",41.9077,-87.6887
"Mon Feb 14 05:11:56 -0500 2011",27.4793,-82.7043
"Mon Feb 14 05:13:59 -0500 2011",-6.17371,106.904
"Mon Feb 14 05:14:12 -0500 2011",-6.17371,106.904
"Mon Feb 14 05:16:16 -0500 2011",-6.17371,106.904
"Mon Feb 14 05:17:49 -0500 2011",43.3556,-80.2862
"Mon Feb 14 05:20:27 -0500 2011",43.6428,-79.4265
"Mon Feb 14 05:21:52 -0500 2011",41.9059,-87.6883
"Mon Feb 14 05:22:10 -0500 2011",-6.25478,106.827
"Mon Feb 14 05:22:18 -0500 2011",33.8171,-118.367
"Mon Feb 14 05:22:25 -0500 2011",37.3777,-120.711
"Mon Feb 14 05:22:32 -0500 2011",47.2691,-122.319
"Mon Feb 14 05:22:34 -0500 2011",33.6108,-117.712
"Mon Feb 14 05:22:37 -0500 2011",33.9613,-118.329
"Mon Feb 14 05:22:39 -0500 2011",34.0899,-118.331
"Mon Feb 14 05:22:55 -0500 2011",33.889,-118.144
"Mon Feb 14 05:22:56 -0500 2011",34.0496,-118.204
"Mon Feb 14 05:22:57 -0500 2011",32.828,-117.278
"Mon Feb 14 05:23:11 -0500 2011",32.7945,-117.126
"Mon Feb 14 05:23:28 -0500 2011",33.9062,-117.494
"Mon Feb 14 05:23:38 -0500 2011",33.9612,-118.329
"Mon Feb 14 05:23:45 -0500 2011",34.135,-117.538
"Mon Feb 14 05:23:47 -0500 2011",33.9628,-118.236
"Mon Feb 14 05:24:06 -0500 2011",34.1323,-117.43
"Mon Feb 14 05:24:28 -0500 2011",33.9641,-118.329
"Mon Feb 14 05:24:30 -0500 2011",34.0958,-118.352
"Mon Feb 14 05:24:31 -0500 2011",34.2096,-118.45
"Mon Feb 14 05:25:32 -0500 2011",33.9613,-118.329
"Mon Feb 14 05:25:39 -0500 2011",27.6822,-97.3871
"Mon Feb 14 05:26:27 -0500 2011",34.0834,-117.935
"Mon Feb 14 05:27:15 -0500 2011",34.17,-118.3
"Mon Feb 14 05:27:20 -0500 2011",40.8289,-73.9476
"Mon Feb 14 05:27:31 -0500 2011",35.9293,-94.9637
"Mon Feb 14 05:28:34 -0500 2011",-6.24383,106.851
"Mon Feb 14 05:28:51 -0500 2011",33.9641,-118.329
"Mon Feb 14 05:29:23 -0500 2011",34.2501,-118.522
"Mon Feb 14 05:29:46 -0500 2011",34.2096,-118.45
"Mon Feb 14 05:29:59 -0500 2011",33.9641,-118.329
"Mon Feb 14 05:30:13 -0500 2011",33.9641,-118.329
"Mon Feb 14 05:30:24 -0500 2011",33.6983,-117.77
"Mon Feb 14 05:30:34 -0500 2011",40.7625,-111.86
"Mon Feb 14 05:32:23 -0500 2011",33.7129,-112.148
"Mon Feb 14 05:33:05 -0500 2011",33.9612,-118.329
"Mon Feb 14 05:33:17 -0500 2011",57.8208,-152.372
"Mon Feb 14 05:33:18 -0500 2011",52.2385,5.16812
"Mon Feb 14 05:33:26 -0500 2011",33.6747,-117.258
